Feature,Importance,Absolute_Importance
OverTime_Yes,0.8645669840005064,0.8645669840005064
BusinessTravel_Travel_Frequently,0.751246801022083,0.751246801022083
JobRole_Laboratory Technician,0.7147561145837238,0.7147561145837238
TotalWorkingYears,-0.555602594835972,0.555602594835972
YearsSinceLastPromotion,0.5287040609182643,0.5287040609182643
NumCompaniesWorked,0.4876090726949927,0.4876090726949927
EnvironmentSatisfaction,-0.48165900041517257,0.48165900041517257
JobRole_Sales Representative,0.4814592474679248,0.4814592474679248
BusinessTravel_Travel_Rarely,0.4500696181587461,0.4500696181587461
JobSatisfaction,-0.41941669074609855,0.41941669074609855
EducationField_Medical,-0.4145285662715345,0.4145285662715345
JobRole_Sales Executive,0.4093610053147316,0.4093610053147316
Age,-0.407596923058647,0.407596923058647
YearsWithCurrManager,-0.39836844646644437,0.39836844646644437
DistanceFromHome,0.39359383149045346,0.39359383149045346
MaritalStatus_Single,0.3768768914556345,0.3768768914556345
JobInvolvement,-0.36533987241417515,0.36533987241417515
JobRole_Research Director,-0.3613414191380417,0.3613414191380417
EducationField_Life Sciences,-0.35618057695640887,0.35618057695640887
YearsInCurrentRole,-0.3560156432758821,0.3560156432758821
EducationField_Other,-0.34594996282630647,0.34594996282630647
WorkLifeBalance,-0.30727165581449634,0.30727165581449634
StockOptionLevel,-0.2993903001739988,0.2993903001739988
JobRole_Human Resources,0.2913260820124018,0.2913260820124018
RelationshipSatisfaction,-0.2882391812803118,0.2882391812803118
JobLevel,0.28601486143032695,0.28601486143032695
JobRole_Research Scientist,0.21681140281869238,0.21681140281869238
TrainingTimesLastYear,-0.18836506713539722,0.18836506713539722
DailyRate,-0.18653416414522056,0.18653416414522056
EducationField_Marketing,-0.16613223807031163,0.16613223807031163
YearsAtCompany,0.16602285411463613,0.16602285411463613
Department_Sales,0.15730020249338605,0.15730020249338605
Gender_Male,0.15156720032608884,0.15156720032608884
PercentSalaryHike,-0.11991215007814776,0.11991215007814776
JobRole_Manager,0.08633118713752841,0.08633118713752841
Department_Research & Development,0.08273960346058336,0.08273960346058336
PerformanceRating,0.08240944478475183,0.08240944478475183
MaritalStatus_Married,0.06151194810600385,0.06151194810600385
JobRole_Manufacturing Director,0.0496150424165036,0.0496150424165036
EducationField_Technical Degree,-0.04642734367578562,0.04642734367578562
MonthlyIncome,0.03636737824835914,0.03636737824835914
MonthlyRate,0.01585637730712233,0.01585637730712233
Education,0.015265981563369162,0.015265981563369162
HourlyRate,-0.0075794670837574,0.0075794670837574
